ü•™ MEV bot‚Äôs $12M sandwich attack earns just $20!,"Score: -0.4767, 4, 0, 0"
Bitcoin‚Äôs price shows ‚Äòno clear direction‚Äô amid active address decline,"Score: 0.4767, 3, 0, 0"
Solana Scammers Burn Tokens Right After Purchase,"Score: 0.0, 1, 0, 0"
"Bitcoin and Ethereum See Rapid Drop in Whale Transactions, Here‚Äôs Why","Score: -0.2732, 1, 0, 0"
Casascius Bitcoin token for sale below spot,"Score: 0.0, 1, 0.3612, 1"
Video of Imprisoned Binance Exec Sparks Demand for Release,"Score: -0.3818, 1, 0, 0"
Bitcoin Faces a Potentially Different September Amid Positive Signs: Analysis,"Score: 0.5574, 1, 0, 0"
Where to purchase alt coins like TRX? I use Coinbase and Binance.US and feel like I'm missing out.,"Score: 0.4215, 4, 0, 0"
Bitcoin Recovers Despite U.S. ETFs 1782 BTC Sales,"Score: 0.0, 15, 0.5859, 2"
Crypto Day Trading,"Score: 0.0, 3, 0, 0"
Sky Faces Backlash Over Freeze Feature in New Stablecoin,"Score: 0.0516, 2, 0, 0"
"Bitcoin Drops to $58,000: Here‚Äôs What Caused the Crypto Market Crash Today","Score: -0.5859, 15, 0, 0"
Quant Analyst Now Makes Bitcoin Prediction of Whopping $500K,"Score: 0.0, 6, 0, 0"
"Bitcoin Bull Flag Hints at 5.58% Surge to $67,380 Amid Q4 Optimism","Score: 0.5423, 15, 0, 0"
"Kamala Harris Switching To Pro-Crypto Policies? One Advisor is Claims It's True, But There's Reason to Remain Skeptical..","Score: -0.2617, 16, -0.02355, 4"
Bybit: How do I send USDT mantle to USDT Ethereum?,"Score: 0.0, 2, 0.6853666666666666, 3"
Cardano Founder Says ‚ÄòJust Bluffs‚Äô After Harris‚Äôs Advisor Pledges VP Support for Crypto,"Score: 0.4019, 19, 0.0, 2"
"I have $70 in BTC sitting in a Coinbase wallet, it‚Äôs never going to move enough for me to care about that few BTC, what super cheap crypto can I throw it into to see what happens?","Score: 0.7964, 7, 0.20069285714285715, 14"
Bakkt Paying $3M to Investors Over Their VIH Merger Scandal,"Score: -0.4404, 6, 0, 0"
Bitcoin Price Analysis: Can US CPI and Grayscale Investments Spark $65k Rally?,"Score: 0.2263, 14, 0, 0"
"Binance Coin (BNB) Crosses $500, Fuels Bullish Dream to $700","Score: 0.25, 14, 0, 0"
How Chinese crypto traders are dodging the ban,"Score: -0.6124, 4, 0.0, 1"
Bitcoin whales on the move¬†- highest level in 4 MONTHS!!!,"Score: 0.0, 8, 0, 0"
Bitstamp and Stripe Join Forces to Make Crypto More Accessible in Europe,"Score: 0.296, 2, 0, 0"
"Algorithmic, fiat-backed, or crypto-backed: Which stablecoin reigns supreme?","Score: 0.5574, 1, 0, 0"
"Top Analyst Says Something Big Happening For Bitcoin, As 404,448 BTC Locked in Permanent Addresses","Score: 0.2023, 16, 0, 0"
Investors Pour $870M into BlackRock's Ether ETF Since Launch,"Score: 0.0, 6, 0, 0"
Why is Michael Saylor a Bitcoin Legend?,"Score: 0.0, 1, 0, 0"
SEC Challenges Coinbase's Document Request,"Score: 0.0772, 5, 0, 0"
Memecoin Fails to Gain Clout as Buterin Dumps Airdrop,"Score: -0.25, 3, 0.0, 1"
Cantor Fitzgerald Set to Launch $2 Billion Bitcoin Financing Business,"Score: 0.0, 4, 0, 0"
Binance Sees Dramatic Surge in Bitcoin Buyers: Here‚Äôs How BTC Price Reacted,"Score: 0.0, 21, 0, 0"
Ethereum Q2 Report Shows 240% Price Surge as Upgrades Continue,"Score: 0.0, 1, 0, 0"
Solana Memecoins Surge After Kabosu Owner Adopts New Pet,"Score: 0.1779, 4, 0, 0"
Artists Take SEC to Court Over NFT Classification,"Score: 0.0, 5, 0, 0"
"Bitcoin Investor Awakens to Astonishing 541,000% ROI: Details","Score: 0.0, 18, 0, 0"
"Bitcoin Critic Peter Schiff Denounces Trump‚Äôs Endorsement, Calls It Vote-Seeking","Score: -0.4019, 46, 0, 0"
"US Presidential Candidate Harris Reportedly to Speak at Bitcoin 2024, Novogratz Anticipates Pro-Crypto Stance","Score: 0.0, 14, -0.4939, 1"
"Kamala Harris's ambiguous stance on crypto means her administration may mirror Biden's policies, sparking industry skepticism.","Score: -0.25, 5, 0.0, 1"
"How High Could Cardano Go if Bitcoin Reaches $350K As Predicted from Rich Dad, Poor Dad Author","Score: 0.1531, 19, 0, 0"
Ether ETFs Gain Approval: Analysts Forecast Positive Market Impact,"Score: 0.8779, 5, 0, 0"
"Bitcoin Investment Products Attract $1.27B Weekly Inflow, US Leads the Charge","Score: 0.3612, 12, 0, 0"
Several pro-Trump commentators claimed that divisive rhetoric from Democrats contributed to the assassination attempt,"Score: -0.5994, 0, 0, 0"
The SEC's abrupt cancellation suggests the Ripple case might face further delays or even potential setbacks,"Score: -0.3182, 7, 0, 0"
"XRP Dominance Retests Key 1.03% Level, Predicting Surge to $403.78","Score: 0.2023, 32, 0.8271000000000001, 3"
Unbelievable impact on $SHIB holders! This highlights the vulnerability in crypto exchanges. Will this shake up the crypto market even more?,"Score: 0.1962, 1, 0, 0"
"The alleged attacker‚Äôs address is still active, moving the stolen tokens, and had a balance of $143,238,167 at the time of writing, on-chain data shows","Score: -0.6369, 3, 0, 0"
"BTC Might Become a Global Reserve Asset, Says Mark Cuban","Score: 0.3612, 3, 0, 0"
"Bitcoin Now Rivals Visa and Mastercard, with $46.4B in Daily Payment Volume: CME Report","Score: 0.0, 8, 0.0, 5"
Tether's Massive $1 Billion Tron Minting Raises Bull Market Hopes,"Score: 0.4404, 2, 0, 0"
Stripe Now Allows Bitcoin Purchases for EU Customers,"Score: 0.0, 2, 0, 0"
Manual Trading vs Automated Trading: Detailed Variances,"Score: 0.0, 1, 0.4767, 2"
"JD Vance Says Gensler Is ""Worst Person"" to Regulate Crypto","Score: -0.6249, 2, 0, 0"
Trump-Themed MAGA Coin Surges 40% Amid Political Controversy,"Score: 0.0, 3, 0, 0"
Bitcoin Current Cycle Among Worst-Performing Despite New ATH: Glassnode,"Score: 0.0, 2, 0, 0"
Are you on team crypto or team stocks?,"Score: 0.0, 9, 0.12503333333333333, 15"
"South Korea Considers Another Crypto Tax Delay, Raising Questions on Policy Stability","Score: -0.3182, 2, 0, 0"
BNB beacon chain,"Score: 0.0, 3, 0, 0"
Selling my cryto currency Series 1 duplicates,"Score: 0.0, 2, 0, 0"
Bitcoin Cash (BCH) Price Surges 27% amid Mt.Gox $9 billion Media Frenzy,"Score: -0.3182, 3, 0, 0"
Trump's Bitcoin 2024 Keynote Ignites Crypto Campaign Controversy,"Score: 0.0, 4, -0.7506, 3"
"Messi Promotes Solana Memecoin, Raising Eyebrows and Skepticism in Crypto Community","Score: 0.1027, 7, 0, 0"
"Cardano To Hit $4, and XRP $5 if Ethereum Reaches $8,000: Expert","Score: 0.0258, 1, 0, 0"
Solana ETF Gains Traction as Cboe's SEC Filing Makes It Official,"Score: 0.5267, 3, 0, 0"
Bitcoin Rebound Could Catch Traders Off Guard as Bearish Sentiment Peaks on Social Media,"Score: 0.0, 3, 0, 0"
Ethereum Faces Critical Test as ETF Launch Date Approaches,"Score: -0.3182, 1, 0, 0"
Fears of Sell-Off Rise as German Government Moves Largest Bitcoin Holdings,"Score: -0.4939, 3, 0, 0"
"Crypto Bloodbath: Major Coins Plunge, Leaving Only One Resilient","Score: 0.0, 3, 0, 0"
Bitcoin Price Dips 5% as Mt. Gox Moves $2.7 Billion BTC,"Score: 0.0, 34, 0.0, 4"
"Ethereum Faces Crucial Support Test as Price Nears $2,850 Mark","Score: 0.4019, 2, 0, 0"
Mt. Gox Begins Bitcoin and Bitcoin Cash Repayments to Creditors,"Score: -0.0258, 2, 0, 0"
Dormant Bitcoin Whale Awakens with $6.99M After 12 Years of Inactivity,"Score: 0.0, 37, 0, 0"
"Solana ETF Prospects Linked to SEC Leadership Shift, According to VanEck's Sigel","Score: 0.296, 2, 0, 0"
Is there any legit bitcoin lending websites?,"Score: 0.0, 3, 0, 0"
Galaxy Digital CEO Says US Elections Outcome Won‚Äôt Stop Crypto from Getting Positive Regulations,"Score: 0.7269, 25, 0, 0"
"After checking out R/Bitcoin, I decided to cash out my bitcoin","Score: 0.0, 7, 0.5343333333333333, 15"
Regulatory Battle Heats Up: ConsenSys Accelerates Lawsuit Against SEC,"Score: -0.5423, 3, 0, 0"
Bitcoin Price Forecast: Can BTC Reach $70k in July 2024?,"Score: 0.0258, 4, 0, 0"
GameStop Investor Drops Lawsuit Against Roaring Kitty,"Score: -0.4588, 1, 0, 0"
"Binance Challenges U.S. Stablecoin Regulations, Calling for Clearer Guidelines","Score: 0.0772, 2, 0, 0"
Why Did Satoshi Nakamoto Create Bitcoin? - Bitcoinics,"Score: 0.2732, 5, -0.2263, 2"
Sony Enters the Bitcoin Market In Japan with S.BLOX - Bitcoinics,"Score: 0.0, 4, 0, 0"
Ethereum Records Largest Weekly Outflow Since August 2022,"Score: 0.0, 2, 0, 0"
Sony's New Crypto Exchange on the Horizon,"Score: 0.0, 2, 0, 0"
Binance Faces Uncertain Future After SEC Wins Key Legal Claims,"Score: 0.4767, 2, 0, 0"
SEC Files Lawsuit Against Consensys Over MetaMask Services,"Score: -0.2263, 1, 0, 0"
Bitcoin Price Stability Sparks Hopes for Breakout in Early July - Bitcoinics,"Score: 0.5859, 1, 0.2993, 3"
What is the Best way to Secure Your Bitcoin Holdings? - Bitcoinics,"Score: 0.765, 1, 0, 0"
"Here is When Cardano Can Break $10, $50, and $100 if ADA Sees 5% Monthly Growth","Score: 0.3818, 16, 0.0, 1"
Scaramucci Supports Biden's Warning Against Trump's Crypto Approach,"Score: 0.0772, 2, 0.0, 1"
CryptoZoo Drama: Logan Paul Sues Coffeezilla for Defamation,"Score: 0.0, 1, 0, 0"
"Dormant Bitcoin Miner Wallet Awakens After 14 Years, Moves 50 BTC to Binance","Score: 0.0, 31, 0.0, 1"
Anonymous Bitcoin Donation Helps Pay Down Julian Assange‚Äôs Jet Debt,"Score: -0.0516, 2, 0.0, 1"
Bitcoin Hits Most Oversold Levels Since 2023 as Mt. Gox Repayment Looms,"Score: -0.2263, 20, 0.0, 1"
"Cars Meet Web3: BitDegree, OBS World Introduce a New Mission","Score: 0.0, 1, 0.0, 1"
New Filing Boosts Confidence in July Ethereum ETF Approvals,"Score: 0.8442, 2, 0.0, 1"
NOT/USDT Bullish Global 3rd Elliott Wave,"Score: 0.0, 1, 0.0, 1"
How much programming skill is necessary to trade?,"Score: 0.0, 38, 0.5816533333333334, 15"
Crypto and Stock Market Update 06.25,"Score: 0.0, 1, 0.0, 1"
"Rumors of Solana Investigation Cause 8% Price Drop, Market Reacts","Score: -0.2732, 3, 0.0, 1"
"Crypto Fear and Greed Index Enters ""Fear"" Zone","Score: -0.8442, 1, 0.0, 1"
"Trump Campaign Rejects Winklevoss Bitcoin Contribution, Sparking Controversy","Score: -0.4019, 2, 0.0, 1"
Bitcoin Tests Critical Support Levels with Key Fibonacci Retracements,"Score: 0.1027, 1, 0, 0"
Crypto and Stock Market Update 06.21,"Score: 0.0, 1, 0.0, 1"
Javier Milei Champions Bitcoin and Currency Freedom in Argentina's Economic Reform,"Score: 0.8442, 2, 0.0, 1"
How can someone be making 20% profit weekly on cryptocurrency?,"Score: 0.4404, 11, 0.18923636363636367, 11"
SEC Backs Down: Ethereum No Longer Under Investigation,"Score: -0.296, 2, 0.0, 1"
Crypto and Stock Market Update 06.20,"Score: 0.0, 1, 0, 0"
Binance Slapped with $2.25M Fine for Breaching India‚Äôs Anti-Money Laundering Laws,"Score: 0.2023, 2, 0, 0"
"Fear & Greed Index at 64: Ethereum, Solana on the Rise, While Toncoin Slips: What‚Äôs Next?","Score: -0.7096, 2, 0, 0"
SEC Permanently Suspends Ethereum Investigation; Will Ripple be Next?,"Score: 0.0, 22, 0, 0"
"El Salvador Constructs Bitcoin Bank, Aiming to Lure Global Investors","Score: 0.0, 2, 0, 0"
Crypto and Stock Market Update 06.19,"Score: 0.0, 2, 0, 0"
How do you DCA in crypto? Share your strategies,"Score: 0.296, 1, 0.4622166666666667, 6"
Here Are Three Key Reasons Bitcoin and the Crypto Market are Down Today,"Score: 0.0, 15, 0, 0"
Analysts Predict Altcoin Market Stagnation Before 2024 Rebound,"Score: 0.0, 2, 0, 0"
"Tether Reveals aUSDT: Gold-Backed, Dollar-Pegged Stablecoin","Score: 0.0, 1, 0, 0"
"SEC‚Äôs Crypto and Cyber Unit Leader Resigns After Nine Years, Sparking Speculation","Score: -0.3182, 2, 0, 0"
Former SEC Crypto Chief David Hirsch Denies Joining Pump.fun,"Score: -0.4215, 1, 0, 0"
coming back into the game! What to do with my useless crypto,"Score: -0.4215, 2, 0, 0"
Waka Flocka Flame's Coin Under Fire for Insider Trading,"Score: -0.34, 1, 0, 0"
SEC Fires Back at Ripple with Strong Response to Terraform Labs Citation,"Score: 0.2263, 2, 0, 0"
What is the strategy here with the markets down?,"Score: 0.0, 5, 0.6089, 6"
Ethereum Sees Record Accumulation by Long-Term Hodlers Amid Price Volatility,"Score: 0.0, 2, 0, 0"
Crypto and Stock Market Update 06.14,"Score: 0.0, 1, 0, 0"
SEC's Gary Gensler Anticipates Ethereum ETF Nod by Summer,"Score: 0.0, 2, 0, 0"
Crypto Markets on Edge as Fed Considers Holding Rates Steady,"Score: 0.0, 3, 0, 0"
Crypto and Stock Market Update 06.13,"Score: 0.0, 3, 0, 0"
SEC and Terraform Labs Settle for $4.47 Billion,"Score: 0.0, 1, 0, 0"
What software do you use for crypto trading? Do you use separate software for stocks?,"Score: 0.0, 2, 0.38432, 10"
"Guys I'm a complete nooby, I want to start crypto currency, not sure which to start with","Score: -0.1685, 3, 0.3542444444444445, 9"
Trump Embraces Bitcoin Mining to Court Tech and Crypto Industries for 2024 Re-Election Bid,"Score: 0.3182, 1, 0, 0"
BTC's Next Big Move Hinges on CPI and FOMC Reports: Will A Bullish Trend Emerge?,"Score: 0.0, 1, 0, 0"
President of The ETF Store Says Market Not Ready for XRP ETF,"Score: -0.2755, 12, 0, 0"
ICBC Praises Bitcoin and Ethereum as Innovative Financial Assets,"Score: 0.8402, 1, 0, 0"
"No More Bets: Australia Bans Using Crypto, Credit Cards for Online Gambling","Score: -0.5367, 5, 0, 0"
Crypto and Stock Market Update 06.11,"Score: 0.0, 2, 0, 0"
"Here comes $20k soon, such obvious chart","Score: 0.0, 0, 0, 0"
Crypto VS Stocks,"Score: 0.0, 1, 0, 0"
"Analyst Predicts Bearish Trends for PEPE, SHIB, and FLOKI Amid Market Slump","Score: 0.0, 1, 0, 0"
Floki's Next Big Step: Building a School in India,"Score: 0.0, 1, 0, 0"
XRP Ranks Among Top Three in Global Index Provider STOXX Ltd,"Score: 0.2023, 1, 0, 0"
"Orbit Chain Hacker Launders $48M via Tornado Cash, Raising Security Concerns","Score: 0.34, 2, 0, 0"
What‚Äôs Up With These Two Memecoins?,"Score: 0.0, 2, 0, 0"
Crypto and Stock Market Update 06.07,"Score: 0.0, 2, 0, 0"
1 Million Americans Rally Behind Crypto Rights Ahead of 2024 US Election,"Score: 0.0, 3, 0, 0"
Community-Driven vs. Developer-Driven Crypto Projects: Which Wins in the Long Run?,"Score: 0.5859, 8, 0, 0"
"Crypto Analyst Predicts Significant Breakouts for DYDX, PYTH, and RNDR","Score: 0.2023, 1, 0, 0"
SEC's Gary Gensler Indicates Prolonged Wait for ETH ETF Approval,"Score: 0.4767, 2, 0, 0"
Crypto and Stock Market Update 06.06,"Score: 0.0, 1, 0, 0"
How to read crypto charts?,"Score: 0.0, 5, -0.1531, 1"
XRP Set for Bullish Surge: Analyst Predicts $0.75 by July 2024,"Score: 0.0, 3, 0, 0"
Crypto and Stock Market Update 06.05,"Score: 0.0, 1, 0, 0"
Worldcoin Suspends Operations in Spain Due to Regulatory Investigation,"Score: 0.0, 2, 0, 0"
The future of crypto,"Score: 0.0, 2, 0, 0"
Analyst Van de Poppe Predicts Notcoin to Spike 2-5x Against Bitcoin,"Score: 0.0, 15, 0, 0"
Crypto and Stock Market Update 06.04,"Score: 0.0, 2, 0, 0"
Monochrome launches Australia‚Äôs first spot Bitcoin ETF on June 4,"Score: 0.0, 2, 0, 0"
How to buy Ethereum with PayPal?,"Score: 0.0, 2, 0.6427499999999999, 2"
"Bitcoin Peaks $150,000 in the Second Half of 2025, Says Crypto Expert","Score: 0.0, 2, 0, 0"
"Biden's Veto Protects SAB121, Blocking Attempts to Overturn Controversial Regulation","Score: -0.2732, 3, 0, 0"
"Binance Founder CZ Begins Prison Sentence, Crypto Community Rallies in Support","Score: -0.0772, 1, 0, 0"
"Bitcoin Price Hits Roadblock at $67,500: What's Next?","Score: 0.0, 16, 0.0, 3"
Who is holding some spell token ?,"Score: 0.0, 2, 0, 0"
JasmyCoin Surged by 60% in 7 Days: What Will Happen in The Next Week?,"Score: 0.0, 3, 0, 0"
Crypto and Stock Market Update 05.31,"Score: 0.0, 1, 0, 0"
Caitlyn Jenner Nets $405K in Just Four Days by Launching 12 Tokens Amid Crypto Criticism,"Score: -0.4404, 2, 0, 0"
JASMY's Partnership with Apple Sparks Bullish Wave: What‚Äôs Next?,"Score: 0.2263, 2, -0.4767, 1"
Mollars X AMA Session With BeInCrypto,"Score: 0.0, 46, 0, 0"
Ethereum Records Spike in Whale Addresses Holding 10K+ ETH,"Score: 0.0, 15, 0, 0"
El Salvador‚Äôs Bitcoin Bet: Can Bukele and Cathie Wood's Partnership Spark an Economic Revolution?,"Score: 0.2263, 2, 0, 0"
Crypto and Stock Market Update 05.30,"Score: 0.0, 3, 0, 0"
"Meme Coin Watch: PEPE Surpasses MATIC, DOGE, WIF, and MEME Show Bullish Trends","Score: 0.0, 6, -0.2732, 1"
Crypto and Stock Market Update 05.29,"Score: 0.0, 2, 0, 0"
Argentina on Bitcoin Path: Can It Surpass El Salvador‚Äôs Controversial Experiment?,"Score: -0.2023, 2, 0, 0"
Meme market is honestly so funny.,"Score: 0.7745, 6, 0, 0"
"$NORMIE memecoin loses 99% of markectap in a $40m ETH exploit, hacker promises to return funds under special conditions","Score: 0.3182, 1, 0, 0"
Bitcoin Breaks $70K Amid Memorial Day: Analysts Eye Sustainable Bull Run,"Score: 0.0, 4, 0, 0"
Crypto and Stock Market Update 05.28,"Score: 0.0, 3, 0, 0"
Floki Team Introduces New Trading Bot to Boost Token Utility,"Score: 0.4019, 1, 0, 0"
"Unfazed by legal troubles, Ronaldo releases new NFT series while under a $1 billion lawsuit","Score: -0.4767, 3, 0.2732, 1"
Bitcoin Faces Key Resistance: Analysts Predict Major Breakout Potential,"Score: 0.0, 2, 0, 0"
"Ethereum Surges Ahead of ETF Decision: Will ETH Rally to $10,000?","Score: 0.0, 3, 0, 0"
Crypto and Stock Market Update 05.23,"Score: 0.0, 1, 0, 0"
Whale Transfers $52M in RNDR Tokens Amidst Market Corrections,"Score: 0.0, 3, 0, 0"
Analysts Weigh in as Bitcoin Faces Decisive Test at $70.5K Resistance Zone,"Score: 0.2263, 13, 0, 0"
"Ethereum Nears $4,000: Analyst Predicts Breakout Amid ETF Approval Buzz","Score: 0.4767, 2, 0.6908, 1"
Crypto and Stock Market Update 05.22,"Score: 0.0, 2, 0, 0"
Ethereum ETF: Bloomberg says 75% of SEC Approval This Week,"Score: 0.4767, 0, 0, 0"
"Bitcoin Bulls on the Rise: Resistance Levels Under Scrutiny Amidst $86,000 Projection","Score: 0.0, 1, 0, 0"
Crypto and Stock Market Update 05.21,"Score: 0.0, 1, 0, 0"
Bitcoin Surges Above $67K While Dogecoin and XRP Decline: Market Sentiment in Greed,"Score: -0.4019, 1, 0, 0"
Where can I trade options on crypto?,"Score: 0.0, 4, 0.1402153846153846, 13"
Crypto and Stock Market Update 05.18,"Score: 0.0, 2, 0, 0"
Shiba Inu Trader Chooses Mollars Over 990-Million SHIB Tokens - Los Angeles Post-Examiner,"Score: 0.0, 2, 0.8658, 1"
Bitcoin Mining Cost Drops to $45K as Inefficient Miners Exit: JPMorgan,"Score: -0.2732, 0, 0, 0"
Crypto and Stock Market Update 05.16,"Score: 0.0, 0, 0, 0"
"Jim Cramer Backs Bitcoin, Warns Against MicroStrategy Stock","Score: -0.1027, 2, 0, 0"
Crypto and Stock Market Update 05.15,"Score: 0.0, 2, 0, 0"
"Shiba Inu (SHIB) Token Holder Swaps $23000 Into Mollars ICO ‚Äî DCA‚Äôing, King Shrimp Passed Whales | Industry Talk | CryptoRank.io","Score: 0.0, 1, 0, 0"
This Pattern Shows the Bitcoin Post-Halving Selloffs are Officially Over,"Score: 0.0, 11, 0, 0"
Crypto and Stock Market Update 05.14,"Score: 0.0, 1, 0, 0"
LBank Crypto Exchange to Add Ethereum Blockchain‚Äôs New Store of Value Token,"Score: 0.34, 1, 0.7579, 1"
Dogecoin Comes to The Limelight on Derivatives Markets: Are Crypto Bulls Taking Back Control From Bears?,"Score: 0.0, 3, 0.6444, 1"
Dogecoin (DOGE) Shows Signs of Reversal: Analysts Point to Bullish Patterns,"Score: 0.0, 2, 0, 0"
Ethereum's Volatility Sparks Speculation Amid Rising Investor Interest,"Score: 0.5994, 1, 0.4588, 1"
Crypto and Stock Market Update 05.11,"Score: 0.0, 1, 0, 0"
Harmony: A Leading Blockchain Platform to Discuss DeFi and the Future of Cryptocurrency,"Score: 0.4019, 1, 0.0, 1"
Bitcoin and Ethereum Options Worth $2B Set to Expire Today,"Score: 0.2263, 18, 0, 0"
"Biden Is ""Destroying Crypto"": Cardano Founder Lambasts Admin","Score: -0.5574, 4, 0, 0"
Crypto and Stock Market Update 05.10,"Score: 0.0, 1, 0, 0"
The Crypto Basic Crypto Wallet Exodus Fails to List on NYSE American Amid Last-Minute SEC Delay,"Score: -0.6249, 12, -0.6705, 1"
"Base Surges Ahead in ETH's Layer2 Market with Over 6,500 ETH Deposited in a Week","Score: 0.0, 2, 0, 0"
"Here Are Projected Timelines For Cardano Surge to $7.5, $27, and $45","Score: 0.0, 16, -0.0322, 2"
where do you guys do all your trading?,"Score: 0.0, 2, 0.24635, 2"
Why do people borrow on crypto platforms?,"Score: 0.0, 4, 0.5233083333333334, 12"
No Room for Crypto in South Korea‚Äôs New Donation Rules,"Score: -0.296, 1, 0, 0"
Crypto and Stock market Update 05.08,"Score: 0.0, 1, 0, 0"
"Bitcoin Booms, Ethereum Lags As Short-Term Holders Hold the Key: What‚Äôs Next?","Score: -0.34, 2, 0, 0"
Crypto-Crime: Meet the CISOs Securing the 2.48 Trillion Dollar Crypto Market,"Score: 0.3182, 1, 0, 0"
VeChain Poised for Significant Gains: Will the Next Rally Pump VET by 134%?,"Score: 0.7351, 3, 0, 0"
Pundit States Why Shiba Inu is Greater Than Dogecoin,"Score: 0.3612, 12, 0, 0"
Crypto and Stock Market Update 05.07,"Score: 0.0, 1, 0, 0"
"ETH Bulls Eye $3,300: Will Ethereum Propel to New Heights?","Score: 0.0, 2, 0, 0"
Here are 3 metrics to analyze the market without looking at the price of BTC,"Score: 0.0, 3, 0, 0"
Market Watch: XRP Gains Momentum as Bitcoin Slows Down,"Score: 0.5267, 2, 0, 0"
Coinbase posts soaring profit on jump in crypto prices,"Score: 0.4404, 1, 0, 0"
"Ethereum Records 267K New Wallets, the Highest in Nearly 2 Years","Score: 0.0, 9, 0, 0"
Tether's Q1 Attains $4.52B Profit Milestone & Record Equity,"Score: 0.4404, 2, 0, 0"
"Meme Coin Watch: Dogecoin, Shiba Inu, and Bonk Face Volatile Market Shifts","Score: 0.0, 2, 0, 0"
Top Analysts Unanimous that Bitcoin Correction Ends at $56K,"Score: 0.2023, 8, 0, 0"
"Whale Frenzy: Cardano Transactions Exceed $100K, Hitting New Highs","Score: -0.3182, 3, 0, 0"
"Hong Kong Launches Landmark Bitcoin ETFs, But Global Crypto Inflows Cool","Score: 0.4767, 2, 0, 0"
If you can‚Äôt beat them‚Ä¶ steal their idea. Creating a better algotrading system,"Score: 0.2263, 1, 0, 0"
SHIB Ecosystem Sees Mixed Performance Amidst Broader Trends,"Score: 0.0, 3, 0, 0"
Ethereum Sees Lowest Gas Fee With Uncertainty for ETFs,"Score: -0.6124, 2, 0, 0"
Can Shibarium's Hard Fork Make It the Go-To Layer-2 Blockchain? Insights,"Score: -0.1027, 1, 0, 0"
"Market Trends Suggest Entry Points for AI Cryptos- Fetch.ai, Render","Score: 0.0, 5, 0, 0"
"Q1 2024 Bull Run: SHIB, LEASH, and BONE Tokens' Growth","Score: 0.3818, 2, 0, 0"
"Shiba Inu Rebounds, Supported by Shibarium Network Upgrade","Score: 0.3182, 2, 0, 0"
Tangem Expands Payment Options to Include Shiba Inu (SHIB): Report,"Score: 0.1027, 2, 0, 0"
"SHIB Faces Key Resistance, Developer Plans for Future Ecosystem Growth","Score: 0.3818, 1, 0.0, 1"
Shiba Inu Partners with K9 Finance DAO to Boost Shibarium's Economic Activity,"Score: 0.4019, 1, 0, 0"
FTX Plans Auction of Additional Solana Tokens This Week,"Score: 0.0, 2, 0, 0"
Shiba Inu Secures $12M for New Crypto Encryption Tech,"Score: 0.3182, 1, 0, 0"
Shiba Inu Raises $12 Million for Privacy-Focused Blockchain Development,"Score: 0.0, 2, 0, 0"
Shibarium Layer-2 Faces Outage Due to Validator Issues,"Score: 0.0, 1, 0, 0"
"Bitcoin MVRV Ratio Crashes Below 90-Day Average, Signaling Imminent 67% Price Surge","Score: -0.4019, 7, 0, 0"
Bitcoin Flag Pattern Signals New All-Time Highs: Analyst Insights,"Score: 0.0, 0, 0, 0"
Mythical Games Partners with Polkadot Unleashing 650K Users,"Score: 0.0, 31, 0, 0"
Bitcoin Halving Overshadowed by Launch of Runes Token Protocol,"Score: 0.0, 0, 0, 0"
"Despite Pre-Halving Dip, Bitcoin Price Remains Poised for Growth.","Score: 0.5574, 1, 0, 0"
FTX investors cut deal with Sam Bankman-Fried to target celeb promoters,"Score: -0.2732, 1, 0, 0"
Here are Top 3 Cardano Price Predictions After Bitcoin Halving,"Score: 0.2023, 3, 0, 0"
Shiba Inu Shows Market Resilience Amid Increased Token Burns,"Score: 0.2732, 2, 0, 0"
XRP Price Surge: Next Stop $1.2 - $1.5? Analysts Insights,"Score: -0.296, 1, 0, 0"
What is your opinion on Fiat-backed stablecoins? Do you believe they fit in with the principles that have started the Cryptocurrency revolution?,"Score: 0.3612, 1, 0, 0"
Ex-BitMEX CEO Questions Solana‚Äôs TPS Metric Authenticity,"Score: 0.0, 15, 0, 0"
Tether Expands Beyond Stablecoins with Four New Business Divisions,"Score: 0.1027, 2, 0, 0"
Bitcoin Faces Potential Decline to $58K Following Imminent Halving Event,"Score: 0.0, 0, 0, 0"
South African exchange VALR wins dual crypto licenses,"Score: 0.5859, 111, 0.4545, 8"
Bitcoin's Halving: Will FUD Turn to FOMO? Analysts Weigh In,"Score: -0.2732, 1, 0, 0"
"Kraken Launches Self-Custody Crypto Wallet, Joins Industry Leaders","Score: 0.296, 1, 0, 0"
Gold Advocate Peter Schiff Warns of Bitcoin Bubble as Gold Prices Rise,"Score: -0.1027, 0, 0, 0"
Help! I'm new and don't know how to cash out my crypto!!!,"Score: 0.4019, 1, 0.29595, 2"
"Bitcoin's Critical Crossroads: Can $62,000 Hold? Analysts Weigh In","Score: -0.3182, 1, 0, 0"
Decline in Bitcoin Miner Stocks Linked to Halving Concerns,"Score: 0.0, 1, 0, 0"
Bitcoin Holds Strong: Analyst Predicts Bullish Surge Amid Market Shifts,"Score: 0.5106, 1, 0, 0"
"PEPE Memecoin Rallies 33% in 32 Hours, Defying Market Downturn","Score: 0.0, 1, 0, 0"
Bitcoin's Price Dip Triggered $319 Million in Liquidations,"Score: 0.0, 3, 0, 0"
What Coin Should I Invest $200 Into As A Long Term Investment?,"Score: 0.0, 6, 0.32546363636363634, 11"
Here‚Äôs How High XRP Might Surge After Bitcoin Halving,"Score: 0.0, 17, 0.6808, 1"
Are you prepared for this Bull-Run? How will you avoid those crypto investor pitfalls that might present themselves along the way?,"Score: -0.0772, 1, 0, 0"
Top Analyst Reaffirms Optimism in Cardano Rally to $9 Despite Dip,"Score: 0.6486, 2, 0, 0"
New Meme Coins to Invest In 2024,"Score: 0.0, 2, 0.9648, 1"
Uniswap Faces Potential SEC Enforcement Action,"Score: 0.0, 1, 0, 0"
Research Platform Identifies 27 Coins Capable of 10x to 100x Gains This Bull Season,"Score: 0.7184, 6, 0, 0"
Bitcoin ETFs: Revolutionizing the Crypto Market,"Score: 0.0, 1, 0, 0"
Experts Say Not Buying XRP at Current Prices Would be a Regret,"Score: -0.4215, 1, 0, 0"
BTC Pump Stagnates As Mollars Token Presale Looks To Takeover 2024 Altcoin Season | Crypto Cable | CryptoRank.io,"Score: 0.0, 0, 0, 0"
6 Promising BASE Chain Meme Coins to Watch,"Score: 0.4019, 14, 0.6652, 1"
Best New Cryptocurrencies ‚Äì New Crypto to Invest in 2024,"Score: 0.6369, 1, 0, 0"
Embracing the Long Haul: Building Sustainable Crypto Strategies in the Bitcoin Halving Era,"Score: 0.0, 3, 0, 0"
Shiba Inu Partner Announces Date and Roadmap of Its Launch on Shibarium,"Score: 0.0, 7, 0, 0"
"Valr announces API trading competition with up to $50,000 USDT in prizes","Score: 0.5106, 79, 0.4072555555555556, 9"
The crypto world is booming!,"Score: 0.0, 4, 0, 0"
Sharing my old solana bundle.,"Score: 0.4215, 1, 0, 0"
"Bitcoin Analyst Says XRP to Skyrocket 859% to $6, Identifies Final Buying Chance","Score: 0.25, 10, 0.7096, 1"
What happened to broker offering crypto?,"Score: 0.0, 1, 0, 0"
Why Bitcoin (COIN: $BTC) Fell Below $70K on Monday As Halving Nears,"Score: 0.0, 1, 0, 0"
Top 7 New Tokens Likely To Explode in This Bull Market,"Score: 0.2023, 12, 0.8979, 1"
What do people use to day trade crypto?,"Score: 0.0, 5, 0.0, 2"
People why do you flush down Monero?,"Score: 0.0, 3, -0.0258, 1"
"The 8 Crypto Trends that will dominate 2024 (RWA, DePIN, AI...)","Score: -0.128, 4, -0.2227, 3"
Here is the Most Significant Barrier for Bitcoin Before $80K Target,"Score: 0.081, 7, 0, 0"
Hong Kong Asset Managers Eye Bitcoin ETF Market,"Score: 0.3612, 1, 0, 0"
Bitcoin Cash (COIN: $BCH) Soars Days to Halving As Coinbase Doubles Down on Crypto Futures,"Score: 0.0, 1, 0, 0"
Unleash Your Fortune: Top 5 DeFi Coins To Ride The Year of The Dragon Wave,"Score: 0.2023, 1, 0, 0"
I analyzed the Last 3 Bitcoin halvings here's what I think will happen after the 2024 halving,"Score: 0.0, 3, 0.802, 1"
Whale Activity Peaks in 2024 as Ethereum Faces Regulatory Heat,"Score: 0.0, 1, 0, 0"
Historical Data Scanning/Screening Crypto Pairs,"Score: 0.0, 1, 0, 0"
"XRP 58,431% Surge to $352 As Stoch RSI Shows Promising Momentum","Score: 0.4019, 12, 0, 0"
Arrington Capital Accused of Insider Trading and Sybil Attack in EtherFi Airdrop,"Score: -0.6486, 1, 0, 0"
"Polygon (MATIC) Back Below $1, Just a Healthy Correction?","Score: 0.4019, 3, 0, 0"
MetaMask Users to Compare Crypto Prices on Over 200 DEXs,"Score: 0.0, 1, 0, 0"
"Brandt Affirms Bitcoin‚Äôs Health Amid Correction, Eyes $69k for Bull Trend Continuation","Score: 0.0, 2, 0, 0"
Arbitrum (ARB) Dives to YTD Lows Post-1.1B Token Unlock,"Score: -0.2732, 3, 0, 0"
Avalanche (COIN: $AVAX) Surges 16%: Binance Listing Fuels Price Rally to $64,"Score: 0.0, 2, 0, 0"
Squared Labs Testnet Launch on Sei Network‚Äôs Dev-Net,"Score: 0.0, 2, 0, 0"
Bitcoin: Binance CEO and Standard Chartered Raise BTC Price Target to $80K and $150K,"Score: 0.0, 9, 0, 0"
Trading/Scalping crypto pairs.,"Score: 0.0, 2, 0.9485, 6"
Expert Asserts Shiba Inu Will Be First Memecoin to Hit $100B Market Cap,"Score: 0.0, 9, -0.26145, 4"
Here is a Projected Timeline for XRP to Hit $500+,"Score: 0.0, 1, 0, 0"
Bitcoin Spot ETFs Attract $198 Million: Fidelity‚Äôs FBTC Leads with Record Inflows,"Score: 0.3612, 1, 0, 0"
Bitcoin Critic Says He Would Have Sold BTC Now If Bought In 2010,"Score: -0.2732, 91, 0.21298181818181816, 33"
Grayscale Moves Closer to Ethereum ETF with SEC Filing,"Score: 0.0, 2, 0, 0"
U.S. Spot Bitcoin ETFs Experience Slowdown Amidst Price Volatility,"Score: 0.0, 2, 0, 0"
Bitcoin: Mike Novogratz Projects $50K as New Floor for BTC Price,"Score: 0.0, 10, 0, 0"
RippleX Addresses Edge Case in XRP Ledger‚Äôs Decentralized Identity Amendment,"Score: 0.0, 1, 0, 0"
"Avalanche Foundation Expands Board, Introduces Trio of Industry Experts","Score: 0.1027, 1, 0, 0"
Bitcoin Adds 277K Small Holders In 2 Weeks Amid ATH,"Score: 0.0, 21, 0, 0"
Question regarding leverage,"Score: 0.0, 1, -0.048949999999999994, 2"
Polyhedra Network (ZK) Token Set to Launch on OKX Jumpstart on March 15th,"Score: 0.0, 2, 0, 0"
DeFi Interest Rates: What You Need To Know Before Investing In DeFi,"Score: 0.4588, 14, 0, 0"
#ATOM / Bullish pennant for BINANCE:ATOMUSDT by WoWAcEDuDe,"Score: 0.0, 1, 0, 0"
"Bitcoin Price Breaks ATH Against USD, GBP, Multiple Currencies","Score: 0.0, 8, 0, 0"
Here Are Top 7 Hot Cryptocurrencies To Buy Under $1,"Score: 0.2023, 9, -0.6486, 1"
South Korea‚Äôs Tax Authority to Launch Virtual Asset Management System Amidst Crypto Boom,"Score: 0.4215, 2, 0, 0"
Bitcoin‚Äôs Hash Rate Hits Record High: A New Era of Digital Asset Security,"Score: 0.5994, 1, 0, 0"
"Shiba Inu Forms Bullish Flag, Eyes Move Above $0.000045","Score: 0.0, 1, 0, 0"
Cardano Founder Calls Out Grayscale Exclusion Of ADA In New Staking Product,"Score: -0.296, 1, 0.25, 1"
"Optimism Sees DOGE Whale Action As BlockDAG Soars to $3M, Alluring Investors for 5000x ROI Amid Mollar Presale - Tekedia","Score: 0.5423, 1, 0, 0"
Tether Partners with Uzbekistan to Propel Blockchain and Peer-to-Peer Innovation,"Score: 0.3818, 1, 0, 0"
Zama Raises $73 Million in Series A to Propel Fully Homomorphic Encryption into Mainstream Adoption,"Score: 0.0, 1, 0, 0"
"Bitcoin‚Äôs Bull Run: Not at the Peak Yet, Says CryptoQuant","Score: 0.0, 1, 0, 0"
Mollars ICO Skyrockets Past $1.11M After Massive SHIB & BONK Holder Exodus,"Score: 0.0, 1, 0, 0"
"CertiK confirms OrdiZK exit scam, $1.4 million stolen","Score: -0.7845, 2, 0, 0"
Veteran Trader Tone Vays Predicts Bitcoin Could Hit $355K by 2027,"Score: 0.0, 2, 0, 0"
"Dormant Bitcoin Whale Wakes up After 14 Years, Makes Damning Selloff Move","Score: -0.34, 24, 0.3197, 3"
"VeChain on Track to Explode 3,545% to $1.8: Analyst","Score: 0.0, 14, 0, 0"
Binance to list Solana-based memecoin Dogwifhat,"Score: 0.0, 1, 0, 0"
Bitcoin ETFs see record inflows as price nears all-time high,"Score: 0.0, 3, 0, 0"
Liquidation Short Position Bitget,"Score: 0.0, 1, 0, 0"
"Bitcoin's price surpasses $65,000 in a surge fueled by anticipation of the upcoming halving event","Score: 0.1027, 0, 0, 0"
"Bitcoin smashes through $65,000, only 6% away from its record high","Score: 0.0, 1, 0, 0"
Crypto Market Enters March With High Hopes After Record-Breaking February,"Score: 0.4404, 1, 0, 0"
"The future of crypto and finance is decentralized, says co-founder of Ethereum Joseph Lubin","Score: 0.0, 3, 0, 0"
Taiko Secures $15 Million in Series A Funding for Ethereum Layer 2 Scaling Solution,"Score: 0.5574, 1, 0, 0"
The holy grail of memecoin profitable trading,"Score: 0.4404, 1, 0.5297666666666666, 3"
Matic showing strength might take us to higher levels soon! ‚öúÔ∏è,"Score: 0.4939, 1, 0, 0"
"Smart Investor Makes $56,000 in 8 Minutes by Trading Axelar (AXL) Coin","Score: 0.4019, 0, 0, 0"
BlackRock‚Äôs Bitcoin ETF to debut in Brazil tomorrow,"Score: 0.0, 2, 0, 0"
Crypto Investors Move to BlockDAG Network For 5000% ROI Amid Dipping Shiba Inu Prediction and Mollar Presale,"Score: 0.0, 1, 0, 0"
"Bitcoin (COIN: $BTC) Tops $63K, Coinbase Outage Triggers Pullback","Score: 0.2023, 1, 0, 0"
"Dogecoin Technical Analysis for February 29 , 2024 - DOGE","Score: 0.0, 2, 0, 0"
Meme Coin Mania: PEPE and BONK Lead Surging Cryptocurrency Trend,"Score: 0.0, 0, 0, 0"
Telegram to launch ad platform and reward channel owners with Toncoin,"Score: 0.5719, 1, 0, 0"
$PORTAL airdrop scam,"Score: -0.5719, 15, 0.13318, 5"
Sam Bankman-Fried uses time in jail to promote Solana,"Score: 0.3818, 3, 0, 0"
https://bitcoinmagazine.com/culture/from-dungeons-to-bitcoin-billions-navigating-the-ethical-labyrinth-of-tim-draper-and-ross-ulbricht,"Score: 0.0, 2, 0, 0"
Cardano Sees Surge in Wallet Creation Amid Growing Market Interest,"Score: 0.7003, 1, 0, 0"
Shiba Inu Token‚Äôs 2-Year Stagnation Prompts Mass Exodus For 2024,"Score: 0.0, 1, 0, 0"
Ethereum L2 TVL Nears $30 Billion as Layer 2 Solutions Gain Traction,"Score: 0.6908, 1, 0, 0"
Zap Wins Blast Big Bang Competition and Launches on Blast L2,"Score: 0.5859, 1, 0, 0"
Let's Discuss Grid Trading Strategies and Experiences,"Score: 0.0, 1, 0, 0"
Bitcoin Whale Buys Over $1 Billion Worth of BTC in a Single Transaction,"Score: 0.2263, 1, 0.0, 1"
Ethereum Outshines Bitcoin as Exchange Reserves Plummet,"Score: 0.0, 2, 0, 0"
Spot Bitcoin ETFs Hit $50 Billion in Trading Volume,"Score: 0.0, 1, 0, 0"
Shanghai Data Exchange and Guangming Milk Company Pioneer Digital Asset Issuance and Trading,"Score: 0.3612, 2, 0, 0"
Michael Saylor says he will buy Bitcoin forever,"Score: 0.0, 1, 0, 0"
Humanity Protocol on Polygon CDK Sets a New Standard for Web3 Identity Verification,"Score: 0.0, 1, 0, 0"
"Bitcoin ETFs continue to soar as price breaks $50,000","Score: 0.0, 2, 0.765, 1"
"Why Crypto Staking Trumps Trading, Holding, and Everything in Between","Score: 0.0, 13, 0, 0"
AltLayer and Matter Labs join forces to enable hyperchain deployment on zkSync,"Score: 0.3182, 2, 0, 0"
"Bitcoin Price Rally Fueled by Derivative and ETF Market, CryptoQuant Says","Score: 0.0, 1, 0, 0"
"Bitcoin Surges Past $50,000 Mark Amidst Regulatory Nod and Rate Cut Speculation","Score: -0.2732, 3, 0, 0"
Grayscale Hits Record Low Outflow: A New Era for Bitcoin Trusts?,"Score: 0.296, 2, 0, 0"
Bitcoin Outperforms U.S. Long Bond ETF Amid Market Volatility,"Score: 0.0, 1, 0, 0"
"Binance Launches Pixels, a Web3 Farming Game, on its Launchpool Platform","Score: 0.0, 1, 0, 0"
Monero experiences a significant drop,"Score: -0.0772, 3, 0.2183, 7"
JPMorgan's Warning Tether's Influence on Cryptocurrency Stability,"Score: -0.34, 2, 0, 0"
Why Binance Is Offering a $5M Bounty to Out Shady Employees,"Score: 0.0, 4, 0, 0"
Thailand abolishes VAT on crypto trading to boost digital asset industry,"Score: 0.6369, 2, 0, 0"
Bitcoin Active Addresses: A Closer Look at the Trends and Implications,"Score: 0.4019, 1, 0, 0"
What's the best staking platform you've come across right now?,"Score: 0.6369, 3, 0.46625, 2"
Bitcoin Price Correction: How Much Did Miners Sell?,"Score: 0.0, 4, 0, 0"
"South Korea Proposes Stricter Regulations for Crypto Executives, Seeking FSC Approval","Score: 0.4767, 1, 0, 0"
"Bitcoin to become scarcer than gold and real estate, says PlanB","Score: 0.0, 3, 0, 0"
Shardeum announces airdrop roadmap for users with 25.4 million SHM tokens,"Score: 0.0, 0, 0, 0"
JPMorgan warns of Tether‚Äôs dominance in stablecoin market,"Score: 0.1027, 1, -0.7162, 1"
Binance Freezes $4.2 Million of Stolen XRP from Ripple Co-Founder‚Äôs Wallets,"Score: -0.4588, 1, 0, 0"
Bitcoin Slips Under $42K in Wake of Fed‚Äôs Hawkish Tone,"Score: 0.0, 3, 0, 0"
Binance and former CEO sued by victims of Hamas attack on Israel,"Score: -0.6369, 2, 0, 0"
Could women help overcome crypto-scepticism?,"Score: 0.4019, 1, 0, 0"
"Bitcoin Miners Are Not Selling Off Their Reserves, Data Shows","Score: 0.0, 3, 0.0, 1"
"Crypto whales are making waves in the market, according to CryptoQuant","Score: 0.0, 1, 0, 0"
Nakamoto Games launches Play2Invest feature: a game-changer for play-to-earn gaming,"Score: 0.0, 2, 0, 0"
1inch Takes Proactive Measures Against Financial Crime in the DeFi Space,"Score: -0.1779, 1, -0.6887, 1"
AltLayer launches claim site for ALT airdrop season one,"Score: 0.0, 1, 0, 0"
70% of Crypto Asset-Related Communications Violate Rules: FINRA Report - Bitcoinics,"Score: -0.4939, 1, 0, 0"
Altcoin Research Project,"Score: 0.0, 3, 0, 0"
"Bitcoin Price Approaches Critical Support Level, According to CryptoQuant","Score: 0.1027, 4, 0, 0"
"What Is ONDO and Why Is the Token up 2,500% Since Unlock?","Score: 0.0, 3, 0, 0"
Panic sale BTC under $39K,"Score: -0.5106, 126, 0.08439728260869565, 184"
Panic sale BTC under $39K,"Score: -0.5106, 125, 0.09195661764705883, 272"
South African exchange VALR wins dual crypto licenses,"Score: 0.5859, 116, 0.4545, 8"
Bitcoin Critic Says He Would Have Sold BTC Now If Bought In 2010,"Score: -0.2732, 88, 0.21298181818181816, 33"
"Valr announces API trading competition with up to $50,000 USDT in prizes","Score: 0.5106, 74, 0.4072555555555556, 9"
"Bitcoin Critic Peter Schiff Denounces Trump‚Äôs Endorsement, Calls It Vote-Seeking","Score: -0.4019, 42, 0, 0"
How much programming skill is necessary to trade?,"Score: 0.0, 35, 0.565264705882353, 17"
Mollars X AMA Session With BeInCrypto,"Score: 0.0, 47, 0, 0"
Dormant Bitcoin Whale Awakens with $6.99M After 12 Years of Inactivity,"Score: 0.0, 35, 0, 0"
Bitcoin Price Dips 5% as Mt. Gox Moves $2.7 Billion BTC,"Score: 0.0, 34, 0.0, 5"
"XRP Dominance Retests Key 1.03% Level, Predicting Surge to $403.78","Score: 0.2023, 31, 0.8271000000000001, 3"
Mythical Games Partners with Polkadot Unleashing 650K Users,"Score: 0.0, 32, 0, 0"
