Crypto Trader Digest: Boom Times … Delayed,"Score: -0.2263, 1, 0, 0"
Crypto Trader Digest: Sugar High,"Score: 0.0, 1, 0, 0"
inspiration youtube trading channel,"Score: 0.5267, 1, 0, 0"
Is Bitcoin the ultimate hedge against inflation and stability?,"Score: 0.0, 0, 0, 0"
CNBC: Goldman Sachs puts over $400 million into bitcoin ETFs,"Score: 0.0, 1, 0, 0"
"Crypto Trader Digest: Water, Water, Every Where","Score: 0.0, 2, 0, 0"
Bitcoin trading beginner,"Score: 0.0, 3, 0.378625, 4"
Flash Crashes-Explained in 30 Seconds.  (100% Non Shill Content),"Score: 0.0, 3, 0.4203, 2"
Crypto Trader Digest: Spirited Away,"Score: 0.3182, 5, 0.6249, 2"
spread disparity between Europe en Asia,"Score: 0.0, 3, 0, 0"
Newbie question about leverage trading,"Score: 0.0, 2, 0.25, 1"
I want to swap from bitcoin to avax,"Score: 0.0772, 48, 0.5554666666666667, 3"
Trading Account for Bitcoin/TetherUS   BINANCE,"Score: 0.0, 1, 0.0, 1"
"What is behind Bitcoin's price surge to $62,000?","Score: 0.0, 1, 0.08385, 4"
Als Anfänger Bitcoin gekauft. Was nun?,"Score: 0.0, 1, -0.45586666666666664, 3"
Crypto Trader Digest: Hot Chick,"Score: 0.0, 1, 0, 0"
5 best ways to stay away from crypto scams,"Score: 0.128, 3, 0.8603333333333333, 3"
What happens when I increase the leverage of a perpetual future after I opened the position without leverage?,"Score: 0.3182, 1, 0, 0"
Trading view long/short position to binance order,"Score: 0.0, 1, 0, 0"
How can I use options data to predict Bitcoin price?,"Score: 0.0, 2, 0, 0"
Bitcoin Trading / Newbie here,"Score: 0.0, 2, 0.16474137931034483, 29"
BITX trading,"Score: 0.0, 5, 0.6673, 5"
Any free alternatives to TradingView Footprint chart?,"Score: 0.5106, 2, 0.0, 1"
10000 on bitstamp only worth 9992? why?,"Score: 0.2263, 2, 0, 0"
"Binance Futures traders, do you use BTCUSDT or BTCUSDC... does USDC pair have more price movement?","Score: 0.0, 2, 0.0, 1"
"what is best practices for trade p2p trade bitcoin anonymously ,, yes i am aware non kyn trading exchanges .. but if you trade p2p your bank involved and bank account is VERIFIED KYC .. 2ND what if we trade P2P and send bitcoin to other party and other party fraud and claim to bank refund or claim","Score: 0.6542, 4, -0.20693999999999999, 5"
Best bank for p2p transaction on binance ?,"Score: 0.6369, 2, 0, 0"
Any suggestions on buying a hardware wallet?,"Score: 0.0, 9, 0.6006666666666667, 3"
Question about the chart?,"Score: 0.0, 2, 0, 0"
Receiving Bitcoin from China?,"Score: 0.0, 1, 0.7351, 1"
Spot trading & futures trading,"Score: 0.0, 3, 0.02150000000000002, 2"
"Binance futures trading, liquidation price and liquidation","Score: 0.0, 4, 0.0, 2"
Did you meet your target of accumulating at least 1BTC,"Score: 0.0, 26, 0.195875, 8"
Nukl.ai Dropping 1 WHOLE BITCOIN for the BEST Bitcoin Halving Price Prediction!,"Score: 0.6369, 34, 0.5492999999999999, 2"
where can I play with leverage in the US?,"Score: 0.34, 1, 0.60965, 2"
Bitcoin solo mining ?,"Score: 0.0, 1, 0, 0"
Bitcoin near $69k which altcoin can get up to its All time high next?,"Score: 0.0, 1, 0.0, 1"
Newbie,"Score: 0.0, 1, 0.43582499999999996, 4"
Problem with leverage trading?,"Score: -0.4019, 2, 0.05379999999999999, 2"
hello Does anyone here use QUOTEX to trade?,"Score: 0.0, 1, 0.4019, 1"
The Bitcoin Flash Crash - Why It Happened...,"Score: -0.4019, 0, 0, 0"
"Bitcoin heading to $65,000 by March. Tell me I’m wrong if I’m wrong","Score: -0.7351, 2, 0.031322222222222224, 9"
Greetings,"Score: 0.3818, 2, 0.11135714285714285, 7"
When will Bitcoin crash?,"Score: -0.4019, 3, -0.23122222222222222, 9"
what platform has the lowest fees and is good for scalping?,"Score: 0.4019, 3, 0.42523333333333335, 3"
Help,"Score: 0.4019, 2, 0.19737999999999997, 5"
"Binance API, Python and Close Price","Score: 0.0, 1, 0, 0"
"What is ""equal position short"" in bitcoin trading?","Score: 0.0, 1, 0.74, 1"
Need alot of guidance and advice,"Score: 0.0, 3, 0.4674, 2"
"As a bitcoin swing trader, with 95% accuracy wait for bitcoin to drop to 35k......save this post for later verification","Score: 0.2732, 7, -0.18407777777777776, 9"
Nice group in Philippine to boom,"Score: 0.4215, 1, 0, 0"
Any exchange platform recommendations for day trading?,"Score: 0.0, 2, 0, 0"
Does Anyone Use Pionex? I am Looking For Feedback. Not Pushing It.,"Score: 0.0, 1, 0.33925, 4"
Is this how leverage works?,"Score: 0.0, 4, 0.33480689655172413, 29"
Bitcoin Holders Should Not Worry As Long As BTC Price Trades Above This Support Line: Reveals Top Analyst,"Score: 0.7454, 2, 0.0, 1"
Is it worth Day trading or Scalping a few hundred BTCs $300-400? Is it profitable?,"Score: 0.5859, 2, 0.2323333333333333, 6"
How many of you use trading bots?,"Score: 0.0, 1, 0, 0"
"Bitcoin Faces Risk Of Heavy Decline As It Nears $40,000 Amid ‘Sell The News’ Sentiment From Major Players","Score: -0.2732, 2, 0, 0"
I want to swap from bitcoin to avax,"Score: 0.0772, 46, 0.5554666666666667, 3"
Nukl.ai Dropping 1 WHOLE BITCOIN for the BEST Bitcoin Halving Price Prediction!,"Score: 0.6369, 34, 0.5492999999999999, 2"
Did you meet your target of accumulating at least 1BTC,"Score: 0.0, 26, 0.195875, 8"
Any suggestions on buying a hardware wallet?,"Score: 0.0, 9, 0.6006666666666667, 3"
"As a bitcoin swing trader, with 95% accuracy wait for bitcoin to drop to 35k......save this post for later verification","Score: 0.2732, 7, -0.18407777777777776, 9"
Crypto Trader Digest: Spirited Away,"Score: 0.3182, 3, 0.6249, 2"
BITX trading,"Score: 0.0, 4, 0.6673, 5"
"what is best practices for trade p2p trade bitcoin anonymously ,, yes i am aware non kyn trading exchanges .. but if you trade p2p your bank involved and bank account is VERIFIED KYC .. 2ND what if we trade P2P and send bitcoin to other party and other party fraud and claim to bank refund or claim","Score: 0.6542, 3, -0.20693999999999999, 5"
"Binance futures trading, liquidation price and liquidation","Score: 0.0, 4, 0.0, 2"
Is this how leverage works?,"Score: 0.0, 3, 0.33480689655172413, 29"
Bitcoin trading beginner,"Score: 0.0, 3, 0.378625, 4"
Flash Crashes-Explained in 30 Seconds.  (100% Non Shill Content),"Score: 0.0, 3, 0.4203, 2"
spread disparity between Europe en Asia,"Score: 0.0, 3, 0, 0"
5 best ways to stay away from crypto scams,"Score: 0.128, 3, 0.8603333333333333, 3"
Spot trading & futures trading,"Score: 0.0, 3, 0.02150000000000002, 2"
When will Bitcoin crash?,"Score: -0.4019, 3, -0.23122222222222222, 9"
what platform has the lowest fees and is good for scalping?,"Score: 0.4019, 2, 0.42523333333333335, 3"
Need alot of guidance and advice,"Score: 0.0, 3, 0.4674, 2"
"Crypto Trader Digest: Water, Water, Every Where","Score: 0.0, 2, 0, 0"
Newbie question about leverage trading,"Score: 0.0, 2, 0.25, 1"
How can I use options data to predict Bitcoin price?,"Score: 0.0, 2, 0, 0"
Bitcoin Trading / Newbie here,"Score: 0.0, 2, 0.17780714285714286, 28"
Any free alternatives to TradingView Footprint chart?,"Score: 0.5106, 2, 0.0, 1"
10000 on bitstamp only worth 9992? why?,"Score: 0.2263, 2, 0, 0"
"Binance Futures traders, do you use BTCUSDT or BTCUSDC... does USDC pair have more price movement?","Score: 0.0, 2, 0.0, 1"
Best bank for p2p transaction on binance ?,"Score: 0.6369, 2, 0, 0"
Question about the chart?,"Score: 0.0, 2, 0, 0"
Problem with leverage trading?,"Score: -0.4019, 2, 0.05379999999999999, 2"
Greetings,"Score: 0.3818, 2, 0.11135714285714285, 7"
Help,"Score: 0.4019, 1, 0.19737999999999997, 5"
Bitcoin Holders Should Not Worry As Long As BTC Price Trades Above This Support Line: Reveals Top Analyst,"Score: 0.7454, 2, 0.0, 1"
Is it worth Day trading or Scalping a few hundred BTCs $300-400? Is it profitable?,"Score: 0.5859, 2, 0.2323333333333333, 6"
"Bitcoin Faces Risk Of Heavy Decline As It Nears $40,000 Amid ‘Sell The News’ Sentiment From Major Players","Score: -0.2732, 2, 0, 0"
Crypto Trader Digest: Boom Times … Delayed,"Score: -0.2263, 1, 0, 0"
Crypto Trader Digest: Sugar High,"Score: 0.0, 1, 0, 0"
inspiration youtube trading channel,"Score: 0.5267, 1, 0, 0"
CNBC: Goldman Sachs puts over $400 million into bitcoin ETFs,"Score: 0.0, 1, 0, 0"
Trading Account for Bitcoin/TetherUS   BINANCE,"Score: 0.0, 1, 0.0, 1"
"What is behind Bitcoin's price surge to $62,000?","Score: 0.0, 1, 0.08385, 4"
Als Anfänger Bitcoin gekauft. Was nun?,"Score: 0.0, 1, -0.45586666666666664, 3"
Crypto Trader Digest: Hot Chick,"Score: 0.0, 1, 0, 0"
What happens when I increase the leverage of a perpetual future after I opened the position without leverage?,"Score: 0.3182, 1, 0, 0"
Trading view long/short position to binance order,"Score: 0.0, 1, 0, 0"
Receiving Bitcoin from China?,"Score: 0.0, 1, 0.7351, 1"
where can I play with leverage in the US?,"Score: 0.34, 1, 0.60965, 2"
Newbie,"Score: 0.0, 1, 0.43582499999999996, 4"
hello Does anyone here use QUOTEX to trade?,"Score: 0.0, 1, 0.4019, 1"
"Binance API, Python and Close Price","Score: 0.0, 1, 0, 0"
"What is ""equal position short"" in bitcoin trading?","Score: 0.0, 1, 0.74, 1"
Nice group in Philippine to boom,"Score: 0.4215, 1, 0, 0"
Does Anyone Use Pionex? I am Looking For Feedback. Not Pushing It.,"Score: 0.0, 1, 0.33925, 4"
How many of you use trading bots?,"Score: 0.0, 1, 0, 0"
